Genero,Matematicas,Ciencias
Femenino,55.234042553191486,51.04255319148936
Masculino,47.54716981132076,52.43396226415094
